,id,title,postUrl,visibility,categoryId,comments,trackbacks,date
0,352,단테-신곡,https://jhoons.tistory.com/352,20,580162,0,0,2021-02-11 01:01:46
1,351,요한일서1-5: 주의 사랑으로 사랑하라,https://jhoons.tistory.com/351,20,844896,0,0,2020-12-18 11:13:43
2,350,베드로후서1-3: 거짓 교사들을 조심하라,https://jhoons.tistory.com/350,20,844896,0,0,2020-12-17 13:10:12
3,349,베드로전서1-5: 환난 중에 성숙해가라,https://jhoons.tistory.com/349,20,844896,0,0,2020-12-16 12:22:40
4,348,야고보서1-5: 말씀을 행하는 자가 되라,https://jhoons.tistory.com/348,20,0,0,0,2020-12-15 10:55:39
5,347,히브리서11-13: 믿음의 주가 되신 그리스도,https://jhoons.tistory.com/347,20,844896,0,0,2020-12-14 11:42:22
6,346,히브리서8-10: 법을 넘어선 그리스도,https://jhoons.tistory.com/346,20,844896,0,0,2020-12-13 10:22:45
7,345,히브리서5-7: 아론보다 뛰어나신 그리스도,https://jhoons.tistory.com/345,20,844896,0,0,2020-12-11 09:34:58
8,344,히브리서3-4: 모세보다 뛰어나신 그리스도,https://jhoons.tistory.com/344,20,844896,0,0,2020-12-10 11:19:16
9,343,히브리서1-2: 뛰어나신 그리스도,https://jhoons.tistory.com/343,20,844896,0,0,2020-12-09 12:33:19
10,342,빌레몬서1: 이렇게 용서하라,https://jhoons.tistory.com/342,20,844896,0,0,2020-12-08 12:00:24
11,341,디도서1-3: 교회 이렇게 지키라,https://jhoons.tistory.com/341,20,844896,0,0,2020-12-07 10:15:45
12,340,디모데후서1-4: 교회 위해 이렇게 싸우라,https://jhoons.tistory.com/340,20,844896,0,0,2020-12-07 09:25:56
13,339,"디모데전서4-6: 교회, 이렇게 섬기라",https://jhoons.tistory.com/339,20,844896,0,0,2020-12-04 11:56:21
14,338,"디모데전서1-3: 교회, 이렇게 세우라",https://jhoons.tistory.com/338,20,844896,0,0,2020-12-03 10:45:15
15,337,데살로니가후서1-3: 재림을 기다리며 살라,https://jhoons.tistory.com/337,20,844896,0,0,2020-12-02 11:06:45
16,336,데살로니가전서1-5: 예수님은 다시 오신다,https://jhoons.tistory.com/336,20,844896,0,0,2020-12-01 12:05:58
17,335,골로새서1-4: 교회의 머리이신 그리스도,https://jhoons.tistory.com/335,20,844896,0,0,2020-11-30 10:36:38
18,334,고린도후서10-13: 바울의 사도적 권위,https://jhoons.tistory.com/334,20,844896,0,0,2020-11-25 14:01:30
19,333,고린도전서11-14: 교회내 무질서로 인한 문제들,https://jhoons.tistory.com/333,20,844896,0,0,2020-11-20 12:01:46
20,332,고린도전서7-10: 삶속에서 겪는 문제들,https://jhoons.tistory.com/332,20,844896,0,0,2020-11-20 11:59:19
21,331,고린도전서1-6: 교회내 분쟁을 인한 문제들,https://jhoons.tistory.com/331,20,844896,0,0,2020-11-18 18:16:31
22,330,로마서12-16: 하나님 의로 살아감,https://jhoons.tistory.com/330,20,844896,0,0,2020-11-17 14:40:35
23,329,로마서9-11: 이스라엘을 향한 하나님 계획,https://jhoons.tistory.com/329,20,844896,0,0,2020-11-16 15:23:02
24,328,로마서6-8: 하나님의 의를 입증함,https://jhoons.tistory.com/328,20,844896,0,0,2020-11-15 09:27:49
25,327,로마서4-5: 하나님의 의를 덧입히심,https://jhoons.tistory.com/327,20,844896,0,0,2020-11-13 14:55:41
26,326,로마서1-3: 복음에 나타난 하나님의 의,https://jhoons.tistory.com/326,20,844896,0,0,2020-11-12 12:34:57
27,325,사도행전27-28: 바울의 로마여행,https://jhoons.tistory.com/325,20,844896,0,0,2020-11-12 12:30:55
28,324,사도행전24-26: 바울이 재판받다,https://jhoons.tistory.com/324,20,844896,0,0,2020-11-10 11:35:52
29,323,사도행전21-23: 바울이 투옥되다,https://jhoons.tistory.com/323,20,844896,0,0,2020-11-09 08:53:20
0,322,사도행전19-20: 바울의 3차 선교,https://jhoons.tistory.com/322,20,844896,0,0,2020-11-08 09:25:25
1,321,사도행전16-18: 바울의 2차 선교,https://jhoons.tistory.com/321,20,844896,0,0,2020-11-06 13:38:05
2,320,사도행전13-15: 바울의 1차 선교,https://jhoons.tistory.com/320,20,844896,0,0,2020-11-05 13:18:31
3,319,사도행전10-12: 교회가 확장되다,https://jhoons.tistory.com/319,20,844896,0,0,2020-11-04 11:36:53
4,318,사도행전8-9: 교회가 핍박받다,https://jhoons.tistory.com/318,20,844896,0,0,2020-11-03 11:24:40
5,317,사도행전5-7: 교회가 성장하다,https://jhoons.tistory.com/317,20,844896,0,0,2020-11-02 11:46:53
6,316,사도행전1-4: 교회가 시작되다,https://jhoons.tistory.com/316,20,844896,0,0,2020-11-01 08:49:13
7,315,요한복음18-21: 부활하신 하나님의 아들,https://jhoons.tistory.com/315,20,844896,0,0,2020-10-30 20:16:11
8,314,요한복음13-17: 제자들을 준비시킴,https://jhoons.tistory.com/314,20,844896,0,0,2020-10-28 21:52:33
9,313,요한복음9-12: 배척이 일어남,https://jhoons.tistory.com/313,20,844896,0,0,2020-10-28 11:11:17
10,312,요한복음6-8: 하나님의 아들의 사역(2),https://jhoons.tistory.com/312,20,844896,0,0,2020-10-27 10:07:39
11,311,요한복음3-5: 하나님의 아들의 사역,https://jhoons.tistory.com/311,20,844896,0,0,2020-10-26 13:30:52
12,310,요한복음1-2: 하나님의 아들의 오심,https://jhoons.tistory.com/310,20,844896,0,0,2020-10-25 11:18:50
13,309,누가복음22-24: 십자가 고난과 부활,https://jhoons.tistory.com/309,20,844896,0,0,2020-10-25 11:14:46
14,308,누가복음19-21: 예루살렘 입성,https://jhoons.tistory.com/308,20,844896,0,0,2020-10-23 13:16:06
15,307,누가복음16-18: 비유로 가르치심2,https://jhoons.tistory.com/307,20,844896,0,0,2020-10-22 11:55:24
16,306,누가복음13-15: 비유로 가르치심(1),https://jhoons.tistory.com/306,20,844896,0,0,2020-10-21 12:15:10
17,305,누가복음10-12: 인자를 향한 배척,https://jhoons.tistory.com/305,20,844896,0,0,2020-10-20 16:16:09
18,304,"누가복음7-9: 인자의 사역, 교육, 훈련",https://jhoons.tistory.com/304,20,844896,0,0,2020-10-19 11:04:30
19,303,누가복음3-6: 사역의 준비와 시작,https://jhoons.tistory.com/303,20,844896,0,0,2020-10-18 10:08:40
20,302,누가복음1-2: 인자가 세상에 오심,https://jhoons.tistory.com/302,20,844896,0,0,2020-10-14 22:54:27
21,301,마가복음14-16: 십자가의 고난과 부활,https://jhoons.tistory.com/301,20,844896,0,0,2020-10-14 21:54:19
22,300,마가복음11-13: 예루살렘 입성,https://jhoons.tistory.com/300,20,844896,0,0,2020-10-14 10:14:43
23,299,마가복음8-10: 예루살렘으로 가시며,https://jhoons.tistory.com/299,20,844896,0,0,2020-10-13 09:32:47
24,298,마가복음4-7: 종으로 오신 메시야: 후기 갈릴리 사역,https://jhoons.tistory.com/298,20,844896,0,0,2020-10-12 09:44:28
25,297,마가복음1-3: 종으로 오신 메시야: 초기 갈릴리 사역,https://jhoons.tistory.com/297,20,844896,0,0,2020-10-12 09:40:38
26,296,마태복음26-28: 왕의 죽음과 부활,https://jhoons.tistory.com/296,20,844896,0,0,2020-10-09 13:43:58
27,295,마태복음24-25: 왕의 예언,https://jhoons.tistory.com/295,20,844896,0,0,2020-10-08 11:02:40
28,294,마태복음20-23: 왕의 도성에 입성,https://jhoons.tistory.com/294,20,844896,0,0,2020-10-07 13:18:07
29,293,마태복음16-19: 제자들을 준비시킴,https://jhoons.tistory.com/293,20,844896,0,0,2020-10-06 11:07:05
0,292,마태복음12-15: 배척을 당하는 왕,https://jhoons.tistory.com/292,20,844896,0,0,2020-10-05 11:00:49
1,291,마태복음8-11: 왕의 권능을 나타냄,https://jhoons.tistory.com/291,20,844896,0,0,2020-10-04 09:43:30
2,290,마태복음5-7: 왕의 선포: 산상수훈,https://jhoons.tistory.com/290,20,844896,0,0,2020-10-02 10:01:09
3,289,마태복음1-4: 왕이 이 땅에 오심,https://jhoons.tistory.com/289,20,844896,0,0,2020-10-01 08:25:38
4,288,말라기3-4: 메시야가 오신다,https://jhoons.tistory.com/288,20,844896,0,0,2020-09-30 08:38:52
5,287,말라기1-2: 메시야가 오신다,https://jhoons.tistory.com/287,20,844896,0,0,2020-09-29 09:51:00
6,286,스가랴12-14: 왕이신 메시야의 통치와 회복,https://jhoons.tistory.com/286,20,844896,0,0,2020-09-28 10:03:21
7,285,"스가랴9-11: 오실 왕, 메시야에 대한 약속",https://jhoons.tistory.com/285,20,844896,0,0,2020-09-27 14:44:24
8,284,누가복음24: 엠마오 가는 길,https://jhoons.tistory.com/284,20,844896,0,0,2020-09-25 21:50:26
9,283,"스가랴7-8: 금식에 대한 질문, 회복의 약속",https://jhoons.tistory.com/283,20,844896,0,0,2020-09-25 21:33:55
10,282,"스가랴4-6: 순금 등대와 감람나무, 날아가는 두루마리, 네 병거의 환상",https://jhoons.tistory.com/282,20,844896,0,0,2020-09-24 11:28:51
11,281,"스가랴1-3: 말탄 자,네 뿔,척량줄,대제사장의 환상",https://jhoons.tistory.com/281,20,844896,0,0,2020-09-23 10:34:34
12,280,학개1-2: 나의 집을 재건하라,https://jhoons.tistory.com/280,20,844896,0,0,2020-09-22 10:43:09
13,279,스바냐1-3: 다가오는 심판의 날,https://jhoons.tistory.com/279,20,844896,0,0,2020-09-21 10:21:27
14,278,하박국1-3: 의인은 믿음으로 살리라,https://jhoons.tistory.com/278,20,844896,0,0,2020-09-21 10:11:39
15,277,나훔1-3: 니느웨를 향한 심판의 경고,https://jhoons.tistory.com/277,20,844896,0,0,2020-09-18 13:23:39
16,276,미가6-7: 회개의 촉구,https://jhoons.tistory.com/276,20,844896,0,0,2020-09-17 12:17:58
17,275,미가3-5: 회복의 예언,https://jhoons.tistory.com/275,20,844896,0,0,2020-09-16 10:47:48
18,274,미가1-2: 심판의 예언,https://jhoons.tistory.com/274,20,844896,0,0,2020-09-15 11:34:53
19,273,요나1-4: 이방인을 향한 하나님의 사랑,https://jhoons.tistory.com/273,20,844896,0,0,2020-09-14 10:27:00
20,272,"오바댜1: 에돔에 대한 심판, 이스라엘의 회복",https://jhoons.tistory.com/272,20,844896,0,0,2020-09-13 13:39:53
21,271,호세아12-14: 이스라엘을 향한 하나님의 사랑,https://jhoons.tistory.com/271,20,844896,0,0,2020-09-13 13:09:51
22,270,호세아1-3: 호세아의 음란한 아내,https://jhoons.tistory.com/270,20,844896,0,0,2020-09-01 21:03:38
23,269,다니엘10-12: 이스라엘 미래에 대한 환상,https://jhoons.tistory.com/269,20,844896,0,0,2020-08-31 10:42:38
24,268,에스겔40-43: 새로운 성전,https://jhoons.tistory.com/268,20,844896,0,0,2020-08-25 09:48:18
25,267,에스겔37-39: 파수꾼의 임무,https://jhoons.tistory.com/267,20,844896,0,0,2020-08-24 11:45:58
26,266,에스겔33-36: 파수꾼의 임무,https://jhoons.tistory.com/266,20,844896,0,0,2020-08-24 11:43:08
27,265,에스겔29-32: 애굽에 내릴 심판,https://jhoons.tistory.com/265,20,844896,0,0,2020-08-21 15:22:44
28,264,에스겔25-28: 주변국들에 내릴 심판,https://jhoons.tistory.com/264,20,844896,0,0,2020-08-21 15:21:07
29,263,에스겔20-24: 심판 경고 메세지,https://jhoons.tistory.com/263,20,844896,0,0,2020-08-19 11:57:43
0,262,에스겔16-19: 유다 심판의 비유들,https://jhoons.tistory.com/262,20,844896,0,0,2020-08-18 11:26:05
1,261,에스겔12-15: 심판의 표적과 메시지,https://jhoons.tistory.com/261,20,844896,0,0,2020-08-18 11:23:59
2,260,에스겔7-11: 죄가 가져온 결과들,https://jhoons.tistory.com/260,20,844896,0,0,2020-08-16 18:17:27
3,259,에스겔1-6: 에스겔의 환상과 소명,https://jhoons.tistory.com/259,20,844896,0,0,2020-08-16 18:11:56
4,258,예레미야애가1-5: 기도와 싹트는 소망,https://jhoons.tistory.com/258,20,844896,0,0,2020-08-14 09:37:27
5,257,예레미야46-52: 역사의 결론,https://jhoons.tistory.com/257,20,844896,0,0,2020-08-13 12:17:10
6,256,예레미야40-45: 예루살렘 멸망 이후,https://jhoons.tistory.com/256,20,844896,0,0,2020-08-12 11:49:42
7,255,예레미야37-39: 멸망의 과정,https://jhoons.tistory.com/255,20,844896,0,0,2020-08-11 11:36:00
8,254,예레미야34-36: 예루살렘의 멸망,https://jhoons.tistory.com/254,20,844896,0,0,2020-08-10 10:58:41
9,253,예레미야30-33: 심판중에 소망,https://jhoons.tistory.com/253,20,844896,0,0,2020-08-09 11:19:50
10,252,예레미야26-29: 참 선지자를 핍박함,https://jhoons.tistory.com/252,20,844896,0,0,2020-08-07 09:21:49
11,251,예레미야21-25: 지도자들의 타락,https://jhoons.tistory.com/251,20,844896,0,0,2020-08-06 13:34:34
12,250,예레미야16-20: 유다를 향한 심판,https://jhoons.tistory.com/250,20,844896,0,0,2020-08-05 08:18:35
13,249,예레미야11-15: 유다를 향한 심판,https://jhoons.tistory.com/249,20,844896,0,0,2020-08-04 12:55:52
14,248,예레미야7-10: 우상숭배하는 유다,https://jhoons.tistory.com/248,20,844896,0,0,2020-08-03 12:08:23
15,247,예레미야1-6: 심판 받게 될 유다,https://jhoons.tistory.com/247,20,844896,0,0,2020-08-02 09:58:10
16,246,8월 성경 통독표: 예레미야/예레미야애가/에스겔/다니엘,https://jhoons.tistory.com/246,20,844896,0,0,2020-08-02 09:44:30
17,245,이사야62-66: 하나님의 응답,https://jhoons.tistory.com/245,20,844896,0,0,2020-07-31 12:18:49
18,244,이사야57-61: 심판을 온전케 하심,https://jhoons.tistory.com/244,20,844896,0,0,2020-07-30 11:23:12
19,243,이사야52-56: 고난 받는 종 메시야,https://jhoons.tistory.com/243,20,844896,0,0,2020-07-29 16:16:54
20,242,이사야49-51: 평강의 왕,https://jhoons.tistory.com/242,20,844896,0,0,2020-07-28 10:18:56
21,241,이사야44-48: vs 헛된 우상,https://jhoons.tistory.com/241,20,844896,0,0,2020-07-27 11:44:21
22,240,이사야40-43: 전능하신 하나님,https://jhoons.tistory.com/240,20,844896,0,0,2020-07-26 10:12:20
23,239,이사야36-39: 히스기야 성공 실패,https://jhoons.tistory.com/239,20,844896,0,0,2020-07-24 10:17:33
24,238,이사야31-35: 장차 오실 의의 왕,https://jhoons.tistory.com/238,20,844896,0,0,2020-07-23 10:11:03
25,237,이사야28-30: 유다를 향한 경고,https://jhoons.tistory.com/237,20,844896,0,0,2020-07-22 12:17:35
26,236,"이사야24-27: 주의 날, 기쁨의 날",https://jhoons.tistory.com/236,20,844896,0,0,2020-07-21 12:44:19
27,235,이사야21-23: 열방을 향한 경고,https://jhoons.tistory.com/235,20,844896,0,0,2020-07-20 08:24:51
28,234,이사야17-20: 열방을 향한 경고,https://jhoons.tistory.com/234,20,844896,0,0,2020-07-19 10:51:19
29,233,이사야13-16: 열방을 향한 경고,https://jhoons.tistory.com/233,20,844896,0,0,2020-07-17 11:36:33
0,232,이사야9-12: 메시야를 약속하심,https://jhoons.tistory.com/232,20,844896,0,0,2020-07-16 12:16:48
1,231,이사야5-8: 유대 백성의 악함,https://jhoons.tistory.com/231,20,844896,0,0,2020-07-15 13:26:18
2,230,이사야1-4: 형식적인 종교생활,https://jhoons.tistory.com/230,20,844896,0,0,2020-07-14 11:23:00
3,229,아가1-8: 그리스도와 교회의 사랑,https://jhoons.tistory.com/229,20,844896,0,0,2020-07-13 11:36:32
4,228,"전도서7-12: 인생은 헛되다, 하나님을 경외하라",https://jhoons.tistory.com/228,20,844896,0,0,2020-07-12 12:27:30
5,227,전도서1-6: 하늘 아래 모든 것이 헛되고 헛되다,https://jhoons.tistory.com/227,20,844896,0,0,2020-07-10 12:13:29
6,226,잠언30-31: 현숙한 아내란,https://jhoons.tistory.com/226,20,844896,0,0,2020-07-09 12:23:41
7,225,잠언25-29: 왕이 전해주는 지혜,https://jhoons.tistory.com/225,20,844896,0,0,2020-07-08 12:11:05
8,224,잠언22-24: 지혜자의 가르침,https://jhoons.tistory.com/224,20,844896,0,0,2020-07-07 11:44:56
9,223,잠언18-21: 지혜를 택하라,https://jhoons.tistory.com/223,20,844896,0,0,2020-07-06 12:05:25
10,222,잠언14-17: 일상생활에서 지혜,https://jhoons.tistory.com/222,20,844896,0,0,2020-07-05 12:40:16
11,221,잠언10-13: 지혜 vs 미련함,https://jhoons.tistory.com/221,20,844896,0,0,2020-07-03 11:11:48
12,220,잠언5-9: 아들에게 주는 지혜,https://jhoons.tistory.com/220,20,844896,0,0,2020-07-02 12:56:30
13,219,잠언1-4: 아버지의 권면,https://jhoons.tistory.com/219,20,844896,0,0,2020-07-01 12:37:19
14,218,7월통독: 잠언/전도서/아가/이사야,https://jhoons.tistory.com/218,20,844896,0,0,2020-07-01 12:14:21
15,217,시편146-150: 할렐루야 시편,https://jhoons.tistory.com/217,20,844896,0,0,2020-06-30 13:09:35
16,216,시편140-145: 사람이 무엇이관대,https://jhoons.tistory.com/216,20,844896,0,0,2020-06-29 11:37:27
17,215,시편135-139: 위대한 일을 행하심,https://jhoons.tistory.com/215,20,0,0,0,2020-06-28 12:27:09
18,214,시편128-134: 성전에 올라가는 노래,https://jhoons.tistory.com/214,20,844896,0,0,2020-06-26 12:08:27
19,213,시편120-127: 성전에 올라가는 노래,https://jhoons.tistory.com/213,20,844896,0,0,2020-06-25 13:13:37
20,212,시편119: 하나님 말씀의 소중함,https://jhoons.tistory.com/212,20,844896,0,0,2020-06-24 13:47:42
21,211,시편111-118: 영원히 찬양 받으실 하나님,https://jhoons.tistory.com/211,20,844896,0,0,2020-06-23 13:30:27
22,210,시편107-110: 응답하시는 하나님,https://jhoons.tistory.com/210,20,844896,0,0,2020-06-22 16:57:52
23,209,시편104-106: 여호와를 기억하라,https://jhoons.tistory.com/209,20,844896,0,0,2020-06-21 13:11:55
24,208,시편98-103: 기쁨으로 찬양하라,https://jhoons.tistory.com/208,20,844896,0,0,2020-06-19 13:42:59
25,207,시편90-97: 전능자 앞에서 떨며 찬양하라,https://jhoons.tistory.com/207,20,844896,0,0,2020-06-18 12:33:20
26,206,시편84-89: 하나님을 모시는 기쁨,https://jhoons.tistory.com/206,20,844896,0,0,2020-06-17 18:42:55
27,205,시편78-83: 불의한 백성들,https://jhoons.tistory.com/205,20,844896,0,0,2020-06-16 10:29:34
28,204,시편73-77: 의로운 재판자 하나님,https://jhoons.tistory.com/204,20,844896,0,0,2020-06-15 12:11:55
29,203,시편67-72: 도우시는 하나님,https://jhoons.tistory.com/203,20,844896,0,0,2020-06-14 11:56:14
0,202,시편60-66: 하나님을 바라는 기도,https://jhoons.tistory.com/202,20,844896,0,0,2020-06-12 13:04:38
1,201,시편55-59: 하나님을 향한 믿음,https://jhoons.tistory.com/201,20,844896,0,0,2020-06-11 12:46:08
2,200,시편50-54: 공의의 심판자 하나님,https://jhoons.tistory.com/200,20,844896,0,0,2020-06-10 11:19:49
3,199,여덟 단어-박웅현,https://jhoons.tistory.com/199,20,580162,0,0,2020-06-10 00:48:35
4,198,시편42-49: 강한 산성이신 하나님,https://jhoons.tistory.com/198,20,844896,0,0,2020-06-09 12:44:01
5,197,시편36-41: 여호와께 맡기라,https://jhoons.tistory.com/197,20,844896,0,0,2020-06-08 12:38:01
6,196,시편31-35: 여호와를 바라보라,https://jhoons.tistory.com/196,20,844896,0,0,2020-06-07 14:14:15
7,195,시편25-30: 찬양과 감사를 드리라,https://jhoons.tistory.com/195,20,844896,0,0,2020-06-05 12:40:28
8,194,시편19-24: 하나님을 신뢰하라,https://jhoons.tistory.com/194,20,844896,0,0,2020-06-04 14:06:27
9,193,시편13-18: 어리석지 말라,https://jhoons.tistory.com/193,20,844896,0,0,2020-06-03 13:23:30
10,192,시편7-12: 여호와를 찬양하라,https://jhoons.tistory.com/192,20,844896,0,0,2020-06-02 16:02:54
11,191,시편1-6: 두 가지 길,https://jhoons.tistory.com/191,20,844896,0,0,2020-06-01 12:14:04
12,190,6월통독:시편,https://jhoons.tistory.com/190,20,844896,0,0,2020-06-01 12:07:48
13,189,"욥기38-42: 하나님의 개입, 욥의 회개와 회복",https://jhoons.tistory.com/189,20,844896,0,0,2020-05-30 15:48:21
14,188,욥기35-37: 엘리후의 2차변론,https://jhoons.tistory.com/188,20,844896,0,0,2020-05-29 12:46:26
15,187,욥기32-34: 엘리후의 1차변론,https://jhoons.tistory.com/187,20,844896,0,0,2020-05-28 11:45:55
16,186,욥기29-31: 욥의 마지막 변론,https://jhoons.tistory.com/186,20,844896,0,0,2020-05-27 12:04:20
17,185,욥기25-28: 셋째논쟁(빌닷),https://jhoons.tistory.com/185,20,844896,0,0,2020-05-26 11:50:43
18,184,욥기22-24: 셋째논쟁(엘리바스),https://jhoons.tistory.com/184,20,844896,0,0,2020-05-25 14:21:35
19,183,욥기20-21: 둘째논쟁(소발),https://jhoons.tistory.com/183,20,844896,0,0,2020-05-24 11:57:03
20,182,욥기18-19: 둘째논쟁(빌닷),https://jhoons.tistory.com/182,20,844896,0,0,2020-05-22 10:56:39
21,181,욥기15-17: 둘째논쟁(엘리바스),https://jhoons.tistory.com/181,20,844896,0,0,2020-05-21 11:11:23
22,180,욥기11-14: 첫논쟁(소발),https://jhoons.tistory.com/180,20,844896,0,0,2020-05-20 10:27:19
23,179,욥기8-10: 첫논쟁(빌닷),https://jhoons.tistory.com/179,20,844896,0,0,2020-05-19 14:23:26
24,178,욥기4-7: 첫논쟁(엘리바스),https://jhoons.tistory.com/178,20,844896,0,0,2020-05-18 11:04:38
25,177,욥기1-3: 시험당하는 욥,https://jhoons.tistory.com/177,20,844896,0,0,2020-05-17 01:01:40
26,176,에스더8-10: 승리하는 이스라엘,https://jhoons.tistory.com/176,20,844896,0,0,2020-05-15 09:24:12
27,174,에스더3-4: 하만의 음모,https://jhoons.tistory.com/174,20,844896,0,0,2020-05-13 12:10:59
28,173,에스더1-2: 왕비가 된 에스더,https://jhoons.tistory.com/173,20,844896,0,0,2020-05-12 12:14:48
29,172,느헤미야11-13: 백성 개혁을 이루다,https://jhoons.tistory.com/172,20,844896,0,0,2020-05-11 11:16:05
0,171,느헤미야8-10: 말씀을 읽고 들으며 부흥이 시작되다,https://jhoons.tistory.com/171,20,844896,0,0,2020-05-10 00:00:08
1,170,느헤미야5-7: 성벽재건 완성되다,https://jhoons.tistory.com/170,20,844896,0,0,2020-05-08 13:21:10
2,169,느헤미야3-4: 성벽재건 시작되다,https://jhoons.tistory.com/169,20,844896,0,0,2020-05-07 11:24:14
3,168,느헤미야1-2: 3차 귀환 (느헤미야),https://jhoons.tistory.com/168,20,844896,0,0,2020-05-06 12:30:21
4,167,에스라9-10: 백성의 신앙 개혁,https://jhoons.tistory.com/167,20,844896,0,0,2020-05-05 11:54:11
5,166,에스라7-8: 2차귀환(에스라),https://jhoons.tistory.com/166,20,844896,0,0,2020-05-04 12:45:28
6,165,예수하나님의공의/우린쉬지않으리/부흥,https://jhoons.tistory.com/165,20,649166,0,0,2020-05-03 10:37:58
7,164,에스라4-6: 성전건축,https://jhoons.tistory.com/164,20,844896,0,0,2020-05-03 10:26:18
8,163,에스라1-3: 1차귀환(스룹바벨),https://jhoons.tistory.com/163,20,844896,0,0,2020-05-01 10:29:08
9,162,5월통독:에스라/느헤미야/에스더/욥기,https://jhoons.tistory.com/162,20,844896,0,0,2020-05-01 10:20:57
10,161,역대하33-36: 유다의 마지막 왕들,https://jhoons.tistory.com/161,20,844896,0,0,2020-04-30 10:42:46
11,160,역대하29-32: 히스기야의 개혁,https://jhoons.tistory.com/160,20,844896,0,0,2020-04-29 11:49:53
12,159,역대하26-28: 유다왕들의 통치(2),https://jhoons.tistory.com/159,20,844896,0,0,2020-04-28 17:31:00
13,158,역대하21-25: 유다왕들의 통치(1),https://jhoons.tistory.com/158,20,844896,0,0,2020-04-27 10:58:17
14,157,우릴사용하소서/온맘다해/오직주의은혜로,https://jhoons.tistory.com/157,20,649166,0,0,2020-04-26 12:32:29
15,156,역대하17-20: 여호사밧의 개혁,https://jhoons.tistory.com/156,20,844896,0,0,2020-04-26 12:22:15
16,155,역대하13-16: 아사의 통치와 개혁,https://jhoons.tistory.com/155,20,844896,0,0,2020-04-24 12:05:27
17,154,역대하10-12: 왕국의 분열,https://jhoons.tistory.com/154,20,844896,0,0,2020-04-23 13:13:21
18,153,"역대하6-9: 봉헌 기도, 영화",https://jhoons.tistory.com/153,20,844896,0,0,2020-04-22 11:04:45
19,152,역대하1-5: 성전 건립,https://jhoons.tistory.com/152,20,844896,0,0,2020-04-21 10:47:28
20,151,역대상28-29: 다윗의 마지막 부탁,https://jhoons.tistory.com/151,20,844896,0,0,2020-04-20 10:25:17
21,150,우릴사용하소서/눈을들어주를보라/주께서높은보좌에,https://jhoons.tistory.com/150,20,649166,0,0,2020-04-19 12:39:11
22,149,역대상22-27: 성전 건립 준비와 다윗이 세운 사람들,https://jhoons.tistory.com/149,20,844896,0,0,2020-04-19 12:12:09
23,148,역대상17-21: 다윗 왕국과 언약,https://jhoons.tistory.com/148,20,844896,0,0,2020-04-17 09:57:15
24,147,역대상10-16: 다윗의 초기 통치,https://jhoons.tistory.com/147,20,844896,0,0,2020-04-16 12:50:08
25,146,역대상1-9: 이스라엘 조상들의 족보,https://jhoons.tistory.com/146,20,844896,0,0,2020-04-15 11:25:37
26,145,열왕기하22-25: 남왕국의 멸망,https://jhoons.tistory.com/145,20,844896,0,0,2020-04-14 12:27:59
27,144,열왕기하18-21: 히스기야의 신앙,https://jhoons.tistory.com/144,20,844896,0,0,2020-04-13 11:08:05
28,143,열왕기하13-17: 북왕국의 멸망,https://jhoons.tistory.com/143,20,844896,0,0,2020-04-12 12:55:10
29,142,열왕기하9-12: 예후와 요아스,https://jhoons.tistory.com/142,20,844896,0,0,2020-04-10 12:09:23
0,141,열왕기하4-8: 엘리사의 사역,https://jhoons.tistory.com/141,20,844896,0,0,2020-04-09 11:47:02
1,140,열왕기하1-3: 아하시야와 여호람,https://jhoons.tistory.com/140,20,844896,0,0,2020-04-08 10:05:07
2,139,열왕기상20-22: 아합 왕의 대결,https://jhoons.tistory.com/139,20,844896,0,0,2020-04-07 00:32:07
3,138,열왕기상17-19: 엘리야의 대결,https://jhoons.tistory.com/138,20,844896,0,0,2020-04-05 11:13:06
4,137,열왕기상12-16: 내란과 왕국의 분열,https://jhoons.tistory.com/137,20,844896,0,0,2020-04-05 10:38:59
5,136,열왕기상9-11: 솔로몬의 타락,https://jhoons.tistory.com/136,20,844896,0,0,2020-04-03 12:15:46
6,135,열왕기상5-8: 성전 건립,https://jhoons.tistory.com/135,20,844896,0,0,2020-04-02 12:09:07
7,134,열왕기상1-4: 솔로몬의 왕권확립,https://jhoons.tistory.com/134,20,844896,0,0,2020-04-01 11:11:56
8,133,"4월통독: 열왕기상하, 역대상하",https://jhoons.tistory.com/133,0,844896,0,0,2020-04-01 11:04:22
9,132,사무엘하20-24: 다윗의 마지막 행적,https://jhoons.tistory.com/132,20,844896,0,0,2020-03-31 11:21:00
10,131,사무엘하15-19: 압살롬의 역모,https://jhoons.tistory.com/131,20,844896,0,0,2020-03-30 01:12:13
11,130,사무엘하11-14: 다윗의 범죄와 재난,https://jhoons.tistory.com/130,20,844896,0,0,2020-03-29 10:51:07
12,129,사무엘하8-10: 왕국이 부강해짐,https://jhoons.tistory.com/129,20,844896,0,0,2020-03-26 18:31:45
13,125,사무엘하5-7장: 온 이스라엘의 왕,https://jhoons.tistory.com/125,20,844896,0,0,2020-03-26 15:31:07
14,124,사무엘하1-4장: 유다 지파의 왕,https://jhoons.tistory.com/124,20,844896,0,0,2020-03-25 09:52:03
15,123,사무엘상28-31장: 사울왕의 몰락,https://jhoons.tistory.com/123,20,844896,0,0,2020-03-24 11:10:08
16,122,"사무엘상24-26장: 왕의 참 모습, 용서",https://jhoons.tistory.com/122,20,844896,0,0,2020-03-23 12:30:27
17,121,사무엘상20-23장: 도망가는 다윗,https://jhoons.tistory.com/121,20,844896,0,0,2020-03-22 20:07:28
18,120,사무엘상16-19: 기름부음 받는 다윗,https://jhoons.tistory.com/120,20,844896,0,0,2020-03-20 01:27:10
19,119,사무엘상13-15장:버림받는 사울,https://jhoons.tistory.com/119,20,844896,0,0,2020-03-19 12:27:03
20,118,사무엘상9-12:첫 왕 사울,https://jhoons.tistory.com/118,20,844896,1,0,2020-03-18 11:55:06
21,117,사무엘상4-8:블레셋과의 전쟁,https://jhoons.tistory.com/117,20,844896,0,0,2020-03-17 12:29:28
22,116,사무엘상1-3: 사무엘의 출생과 성장,https://jhoons.tistory.com/116,20,844896,0,0,2020-03-16 11:57:45
23,115,룻기1-4: 사사시대 어둠속의 빛나는 보석,https://jhoons.tistory.com/115,20,844896,0,0,2020-03-14 04:53:51
24,114,사사기17-21: 온 백성의 타락,https://jhoons.tistory.com/114,20,844896,0,0,2020-03-13 12:51:21
25,113,사사기13-16:삼손이야기,https://jhoons.tistory.com/113,20,844896,0,0,2020-03-12 15:17:36
26,112,사사기9-12: 아비멜렉/여섯 사사들,https://jhoons.tistory.com/112,20,844896,0,0,2020-03-11 01:59:06
27,111,사사기6-8: 사사 기드온,https://jhoons.tistory.com/111,20,844896,0,0,2020-03-10 12:05:40
28,110,사사기4-5: 사사 드보라,https://jhoons.tistory.com/110,20,844896,0,0,2020-03-09 01:52:02
29,109,사사기1-3: 사사 시대의 시작,https://jhoons.tistory.com/109,20,844896,0,0,2020-03-07 12:16:59
0,108,여호수아22-24: 여호수아의 고별설교,https://jhoons.tistory.com/108,20,844896,0,0,2020-03-06 02:29:07
1,107,3월 통독: 여호수아/사사기/룻기/사무엘,https://jhoons.tistory.com/107,20,844896,0,0,2020-03-06 02:15:36
2,106,PRML001: Pattern Recognition 들어가기,https://jhoons.tistory.com/106,20,828067,0,0,2020-01-19 00:51:26
3,105,새해 다짐+Pattern Recognition by C.M.Bishop 포스팅 예고.,https://jhoons.tistory.com/105,20,580163,0,0,2020-01-01 18:15:48
4,103,서고 정리.,https://jhoons.tistory.com/103,20,580163,0,0,2018-11-08 13:24:32
5,100,Amazon Charts,https://jhoons.tistory.com/100,20,580163,0,0,2018-03-17 22:57:28
6,99,One Page 정리기술 - 다카하시 마사후미,https://jhoons.tistory.com/99,20,580162,0,0,2018-01-23 15:57:04
7,98,MacBook Python Environment,https://jhoons.tistory.com/98,20,710546,0,0,2018-01-17 16:58:55
8,97,그리스인 이야기1-시오노 나나미,https://jhoons.tistory.com/97,20,580162,0,0,2018-01-16 15:12:38
9,96,고백록 - 아우구스티누스,https://jhoons.tistory.com/96,20,580162,0,0,2017-08-24 13:52:52
10,95,맥북에 Python 설치하기.,https://jhoons.tistory.com/95,20,710546,0,0,2017-08-05 01:07:40
11,94,인공지능 - 현대적 접근방식 #1,https://jhoons.tistory.com/94,20,580162,0,0,2017-08-03 00:29:34
12,93,최진기의 뒤죽박죽 경제상식,https://jhoons.tistory.com/93,20,580162,0,0,2017-08-02 22:30:36
13,92,Python Objective-Oriented Programming Tutorial,https://jhoons.tistory.com/92,20,710546,0,0,2017-07-26 14:55:52
14,91,Awesome Python Visualization Tools,https://jhoons.tistory.com/91,20,710546,0,0,2017-07-22 14:24:59
15,90,채식주의자 - 한강,https://jhoons.tistory.com/90,20,580162,10,0,2017-06-19 22:09:08
16,89,네 인생의 이야기 (영화 '컨택트' 원작) - 테드 창,https://jhoons.tistory.com/89,20,580162,0,0,2017-03-09 11:26:08
17,88,오베라는 남자 - 프레드릭 베크만,https://jhoons.tistory.com/88,20,580162,0,0,2017-03-02 14:26:10
18,87,국가란 무엇인가 - 유시민,https://jhoons.tistory.com/87,20,580162,0,0,2017-02-27 22:47:31
19,86,인간 vs 기계 - 김대식,https://jhoons.tistory.com/86,20,580162,2,0,2017-02-22 13:44:26
20,85,완벽에 대한 반론 - 마이클 샌델,https://jhoons.tistory.com/85,20,580162,0,0,2017-02-20 14:34:21
21,84,대통령의 글쓰기 - 강원국,https://jhoons.tistory.com/84,20,580162,0,0,2017-02-16 13:13:11
22,83,만들어진 신 - 리처드 도킨스,https://jhoons.tistory.com/83,20,580162,0,0,2017-01-31 20:32:38
23,82,우리는 모두 페미니스트가 되어야 합니다.,https://jhoons.tistory.com/82,20,580162,0,0,2017-01-30 15:53:46
24,81,휴식이란?,https://jhoons.tistory.com/81,20,580163,3,0,2017-01-25 10:44:05
25,79,너의 이름은 - 신카이 마코토 감독,https://jhoons.tistory.com/79,20,580163,0,0,2017-01-23 23:03:27
26,78,바빌론의 탑 (당신 인생의 이야기 中) - 테드 창,https://jhoons.tistory.com/78,20,580162,0,0,2017-01-23 01:07:07
27,77,차라투스트라는 이렇게 말했다 - 프리드리히 니체,https://jhoons.tistory.com/77,20,580162,2,0,2016-12-03 16:05:17
28,76,도덕의 계보 - 니체,https://jhoons.tistory.com/76,20,580162,0,0,2016-11-14 00:05:29
29,75,Hunger Games : Catching Fire -Suzanne Collins,https://jhoons.tistory.com/75,20,580162,2,0,2016-11-10 15:44:03
0,74,Hunger Games 헝거게임 - Suzanne Collins,https://jhoons.tistory.com/74,20,580162,2,0,2016-10-23 00:46:20
1,73,영웅문#2 : 신조협려 - 김용,https://jhoons.tistory.com/73,20,580162,0,0,2016-10-04 22:15:35
2,72,영웅문#1 : 사조영웅전 - 김용,https://jhoons.tistory.com/72,20,580162,0,0,2016-09-30 14:37:05
3,71,숨쉬듯 가볍게 - 김도인,https://jhoons.tistory.com/71,20,580162,3,0,2016-09-18 12:08:57
4,70,"존 폰 노이만, 그리고 현대 컴퓨팅의 기원 - 윌리엄 어스프레이",https://jhoons.tistory.com/70,20,580162,3,0,2016-09-13 16:43:53
5,68,"불패의 검성(劍聖), 미야모토 무사시 - 요시카와 에이지",https://jhoons.tistory.com/68,20,580162,0,0,2016-09-01 01:23:01
6,67,퀀텀스토리(Quantum Story) - 짐 배것,https://jhoons.tistory.com/67,20,580162,0,0,2016-08-22 14:43:14
7,66,화폐전쟁 - 쑹홍빙,https://jhoons.tistory.com/66,20,580162,0,0,2016-08-08 11:41:27
8,65,I'm Forrest - 영화 포레스트 검프(Forrest Gump) ost,https://jhoons.tistory.com/65,20,580163,0,0,2016-08-05 11:29:57
9,64,죽다 살아났습니다요 - 무라카미 다케오,https://jhoons.tistory.com/64,20,580162,0,0,2016-08-04 17:46:13
10,63,칼의 노래 - 김훈,https://jhoons.tistory.com/63,20,580162,2,0,2016-08-01 01:41:13
11,62,총균쇠 - 재레드 다이아몬드,https://jhoons.tistory.com/62,20,580162,2,0,2016-07-26 01:55:15
12,61,나의 한국 현대사 - 유시민,https://jhoons.tistory.com/61,20,580162,0,0,2016-07-17 16:42:31
13,60,지대넓얕/ 지적대화를 위한 넓고 얕은 지식 (팟캐스트/팟빵),https://jhoons.tistory.com/60,20,580163,0,0,2016-07-17 11:00:04
14,59,사피엔스 - 유발 하라리,https://jhoons.tistory.com/59,20,580162,2,0,2016-07-13 00:25:08
15,58,여자는 허벅지 - 다나베 세이코,https://jhoons.tistory.com/58,20,580162,0,0,2016-07-01 23:03:14
16,57,스토커 - 10cm,https://jhoons.tistory.com/57,20,649166,0,0,2016-07-01 20:22:35
17,56,어떻게 읽을 것인가 - 고영성 지음,https://jhoons.tistory.com/56,20,580162,5,0,2016-06-01 08:40:52
18,55,나의 남자 - 임경선,https://jhoons.tistory.com/55,20,580162,2,0,2016-05-29 19:47:23
19,53,유시민의 글쓰기 특강  - 유시민,https://jhoons.tistory.com/53,20,580162,10,0,2016-05-07 00:12:13
20,50,헬스의 정석 (종합편) - 수피,https://jhoons.tistory.com/50,20,580162,8,0,2016-04-27 00:21:50
21,45,<조중균의 세계> - 김금희 (제 6회 젊은 작가상 수상작품집),https://jhoons.tistory.com/45,20,580162,0,0,2016-04-20 23:45:32
22,44,"Way Back Into Love (그여자작사,그남자작곡 ost) - Hugh Grand , Drew Barrymore",https://jhoons.tistory.com/44,20,649166,0,0,2016-04-20 09:48:34
23,43,2시20분 - 박경환,https://jhoons.tistory.com/43,20,649166,0,0,2016-04-20 09:27:18
24,42,김동률 - 출발,https://jhoons.tistory.com/42,20,649166,0,0,2016-04-16 02:32:16
25,41,꺼내 먹어요 - 자이언티,https://jhoons.tistory.com/41,20,649166,2,0,2016-04-06 10:13:34
26,40,sitemap,https://jhoons.tistory.com/40,0,580163,0,0,2016-03-29 13:26:04
27,39,정약용의 고해(苦海) -  신창호 지음,https://jhoons.tistory.com/39,20,580162,0,0,2016-03-29 01:56:54
28,38,위잉위잉-혁오밴드,https://jhoons.tistory.com/38,20,649166,0,0,2016-03-27 11:39:38
29,37,Photograph - Ed Sheeran,https://jhoons.tistory.com/37,20,649166,0,0,2016-03-27 10:43:12
0,36,태도에 관하여 - 임경선,https://jhoons.tistory.com/36,20,580162,2,0,2016-03-27 09:16:41
1,35,가끔은 격하게 외로워야 한다 - 김정운.,https://jhoons.tistory.com/35,20,580162,2,0,2016-03-23 23:28:39
2,34,"<Once> OST, Falling Slowly - Glen Hansard, Marketa Irglova,",https://jhoons.tistory.com/34,20,649166,0,0,2016-03-23 11:54:24
3,33,"지적 대화를 위한 넓고 얕은 지식, 역사/경제/정치/사회/윤리편 - 채사장",https://jhoons.tistory.com/33,20,580162,4,0,2016-03-20 01:33:56
4,32,Thinking Out Loud - Ed Sheeran,https://jhoons.tistory.com/32,20,649166,0,0,2016-03-12 23:38:25
5,31,"말하는대로 - 이적, 유재석",https://jhoons.tistory.com/31,20,649166,0,0,2016-03-12 23:11:13
6,29,시민의 교양 - 채사장,https://jhoons.tistory.com/29,20,580162,8,0,2016-03-05 08:57:07
7,28,All of me - John Legend,https://jhoons.tistory.com/28,20,649166,0,0,2016-03-05 08:33:00
8,27,I'm yours - Jason Mraz,https://jhoons.tistory.com/27,20,649166,1,0,2016-02-27 16:23:51
9,26,"All for you - 쿨, 서인국&정은지",https://jhoons.tistory.com/26,20,649166,3,0,2016-02-26 02:19:21
10,25,The Martian (마션) - Andy Weir,https://jhoons.tistory.com/25,20,580162,2,0,2016-02-21 19:11:27
11,24,공드리 - 혁오밴드,https://jhoons.tistory.com/24,20,649166,6,0,2016-02-10 18:49:04
12,23,다행이다 - 이적,https://jhoons.tistory.com/23,20,649166,2,0,2016-02-10 09:13:42
13,22,처음에 사랑이란게 -버스커버스커,https://jhoons.tistory.com/22,20,649166,0,0,2016-01-25 20:07:08
14,21,Lost stars - Adam Levine,https://jhoons.tistory.com/21,20,649166,0,0,2016-01-19 08:49:29
15,20,벛꽃엔딩 - 버스커버스커,https://jhoons.tistory.com/20,20,649166,0,0,2016-01-18 23:07:30
16,19,창문 넘어 도망친 100세 노인 - Jonas Jonasson,https://jhoons.tistory.com/19,20,580162,4,0,2015-12-30 00:53:05
17,18,어떻게 살 것인가 -유시민 지음.,https://jhoons.tistory.com/18,20,580162,2,0,2015-12-13 13:28:39
18,15,15' 여름책.,https://jhoons.tistory.com/15,0,580162,0,0,2015-10-11 11:21:25
19,8,국화와 칼,https://jhoons.tistory.com/8,20,580162,4,0,2015-01-03 20:57:43
20,7,"스물아홉 생일, 1년 후 죽기로 결심했다.",https://jhoons.tistory.com/7,20,580162,2,0,2015-01-03 20:56:51
21,6,관촌수필,https://jhoons.tistory.com/6,20,580162,0,0,2015-01-03 20:54:50
22,5,유혹하는 글쓰기,https://jhoons.tistory.com/5,20,580162,0,0,2015-01-03 20:52:47
23,4,Demand,https://jhoons.tistory.com/4,20,580162,0,0,2015-01-03 20:51:52
24,3,에버노트 라이프,https://jhoons.tistory.com/3,20,580162,0,0,2015-01-03 20:50:35
25,2,제 3차 산업혁명,https://jhoons.tistory.com/2,20,580162,0,0,2015-01-03 20:48:02
26,1,2015년 시작.,https://jhoons.tistory.com/1,20,580163,2,0,2015-01-03 20:45:42
